condition,seed,cum_ent_pct,cum_rel_pct,targeted_hits,ent_leak_pct,avg_served_ent
none,0,24.6,6.6,32,50.3,30.0
none,1,24.4,6.7,32,49.5,30.0
none,2,24.4,6.7,32,49.5,30.0
none,3,24.4,6.7,32,49.5,30.0
none,4,24.4,6.7,32,49.5,30.0
topk_nodp,0,16.4,1.5,32,88.8,10.0
topk_nodp,1,16.1,1.5,32,85.8,10.0
topk_nodp,2,16.4,1.5,32,87.7,10.0
topk_nodp,3,16.1,1.5,32,85.8,10.0
topk_nodp,4,16.1,1.5,32,85.8,10.0
dp_budget,0,3.0,0.0,1,6.8,1.2
dp_budget,1,2.9,0.1,1,6.8,1.2
dp_budget,2,3.2,0.1,2,7.0,1.2
dp_budget,3,2.7,0.2,3,6.5,1.2
dp_budget,4,2.3,0.1,2,5.0,1.2
sysprompt,0,23.2,5.5,32,41.3,30.0
sysprompt,1,22.5,5.4,32,40.7,30.0
sysprompt,2,22.5,5.4,32,40.7,30.0
sysprompt,3,22.5,5.4,32,40.7,30.0
sysprompt,4,22.5,5.4,32,40.7,30.0
threshold,0,24.5,7.1,32,54.4,29.8
threshold,1,24.1,6.9,32,50.4,29.8
threshold,2,24.1,6.9,32,50.4,29.8
threshold,3,24.1,6.9,32,50.4,29.8
threshold,4,24.1,6.9,32,50.4,29.8
